{
    "stickersTran": [
        {
            "position": {
                "x": 0.059062957763671878,
                "y": 12.304254531860352,
                "z": 4.852022171020508
            },
            "scale": {
                "x": 1.0,
                "y": 1.0,
                "z": 1.0
            },
            "rotation": {
                "x": 0.0,
                "y": 0.0,
                "z": 0.0,
                "w": 1.0
            },
            "name": "sticker_tape_20170608114348192155",
            "stickerData": {
                "x": 0.0,
                "y": 0.0,
                "width": 0.0,
                "height": 0.0,
                "path": "",
                "id": "",
                "sheetId": "",
                "artist": ""
            }
        },
        {
            "position": {
                "x": 0.32544708251953127,
                "y": 11.325119018554688,
                "z": 4.060114860534668
            },
            "scale": {
                "x": 1.0,
                "y": 1.0,
                "z": 1.0
            },
            "rotation": {
                "x": 0.0,
                "y": 0.0,
                "z": 0.0,
                "w": 1.0
            },
            "name": "sticker_tape_20170608114349755727",
            "stickerData": {
                "x": 0.0,
                "y": 0.0,
                "width": 0.0,
                "height": 0.0,
                "path": "",
                "id": "",
                "sheetId": "",
                "artist": ""
            }
        },
        {
            "position": {
                "x": 0.7858209609985352,
                "y": 9.473496437072754,
                "z": 2.064164638519287
            },
            "scale": {
                "x": 1.0,
                "y": 1.0,
                "z": 1.0
            },
            "rotation": {
                "x": 0.0,
                "y": 0.0,
                "z": 0.0,
                "w": 1.0
            },
            "name": "sticker_tape_20170608114354894080",
            "stickerData": {
                "x": 0.0,
                "y": 0.0,
                "width": 0.0,
                "height": 0.0,
                "path": "",
                "id": "",
                "sheetId": "",
                "artist": ""
            }
        },
        {
            "position": {
                "x": 1.8665885925292969,
                "y": 8.375548362731934,
                "z": 2.757514476776123
            },
            "scale": {
                "x": 1.0,
                "y": 1.0,
                "z": 1.0
            },
            "rotation": {
                "x": 0.0,
                "y": 0.0,
                "z": 0.0,
                "w": 1.0
            },
            "name": "sticker_tape_20170608114357529212",
            "stickerData": {
                "x": 0.0,
                "y": 0.0,
                "width": 0.0,
                "height": 0.0,
                "path": "",
                "id": "",
                "sheetId": "",
                "artist": ""
            }
        },
        {
            "position": {
                "x": 2.831035614013672,
                "y": 10.097932815551758,
                "z": 2.334886074066162
            },
            "scale": {
                "x": 1.0,
                "y": 1.0,
                "z": 1.0
            },
            "rotation": {
                "x": 0.0,
                "y": 0.0,
                "z": 0.0,
                "w": 1.0
            },
            "name": "sticker_tape_20170608114400612846",
            "stickerData": {
                "x": 0.0,
                "y": 0.0,
                "width": 0.0,
                "height": 0.0,
                "path": "",
                "id": "",
                "sheetId": "",
                "artist": ""
            }
        },
        {
            "position": {
                "x": 1.0151691436767579,
                "y": 1.1397523880004883,
                "z": 0.7645282745361328
            },
            "scale": {
                "x": 1.0,
                "y": 1.0,
                "z": 1.0
            },
            "rotation": {
                "x": 0.0,
                "y": 0.0,
                "z": 0.0,
                "w": 1.0
            },
            "name": "sticker_tape_20170608114405317137",
            "stickerData": {
                "x": 0.0,
                "y": 0.0,
                "width": 0.0,
                "height": 0.0,
                "path": "",
                "id": "",
                "sheetId": "",
                "artist": ""
            }
        },
        {
            "position": {
                "x": 3.3372421264648439,
                "y": 8.116716384887696,
                "z": 1.523125171661377
            },
            "scale": {
                "x": 1.0,
                "y": 1.0,
                "z": 1.0
            },
            "rotation": {
                "x": 0.0,
                "y": 0.0,
                "z": 0.0,
                "w": 1.0
            },
            "name": "sticker_tape_20170608114418965658",
            "stickerData": {
                "x": 0.0,
                "y": 0.0,
                "width": 0.0,
                "height": 0.0,
                "path": "",
                "id": "",
                "sheetId": "",
                "artist": ""
            }
        },
        {
            "position": {
                "x": 4.338314056396484,
                "y": 8.886441230773926,
                "z": 1.850907325744629
            },
            "scale": {
                "x": 1.0,
                "y": 1.0,
                "z": 1.0
            },
            "rotation": {
                "x": 0.0,
                "y": 0.0,
                "z": 0.0,
                "w": 1.0
            },
            "name": "sticker_tape_20170608114420864213",
            "stickerData": {
                "x": 0.0,
                "y": 0.0,
                "width": 0.0,
                "height": 0.0,
                "path": "",
                "id": "",
                "sheetId": "",
                "artist": ""
            }
        },
        {
            "position": {
                "x": 3.6128673553466799,
                "y": 8.480682373046875,
                "z": 0.4780406951904297
            },
            "scale": {
                "x": 1.0,
                "y": 1.0,
                "z": 1.0
            },
            "rotation": {
                "x": 0.0,
                "y": 0.0,
                "z": 0.0,
                "w": 1.0
            },
            "name": "sticker_tape_20170608114423602341",
            "stickerData": {
                "x": 0.0,
                "y": 0.0,
                "width": 0.0,
                "height": 0.0,
                "path": "",
                "id": "",
                "sheetId": "",
                "artist": ""
            }
        },
        {
            "position": {
                "x": 3.79345703125,
                "y": 7.825149059295654,
                "z": 0.03196525573730469
            },
            "scale": {
                "x": 1.0,
                "y": 1.0,
                "z": 1.0
            },
            "rotation": {
                "x": 0.0,
                "y": 0.0,
                "z": 0.0,
                "w": 1.0
            },
            "name": "sticker_tape_20170608114425175643",
            "stickerData": {
                "x": 0.0,
                "y": 0.0,
                "width": 0.0,
                "height": 0.0,
                "path": "",
                "id": "",
                "sheetId": "",
                "artist": ""
            }
        },
        {
            "position": {
                "x": 4.477266311645508,
                "y": 8.087275505065918,
                "z": -0.4652395248413086
            },
            "scale": {
                "x": 1.0,
                "y": 1.0,
                "z": 1.0
            },