{
    "stickersTran": [
        {
            "position": {
                "x": 1.0709381103515626,
                "y": 0.14846841990947724,
                "z": 1.291766881942749
            },
            "scale": {
                "x": 1.0,
                "y": 1.0,
                "z": 1.0
            },
            "rotation": {
                "x": 0.0,
                "y": 0.0,
                "z": 0.0,
                "w": 1.0
            },
            "name": "sticker_tape_0",
            "stickerData": {
                "x": 0.0,
                "y": 0.0,
                "width": 0.0,
                "height": 0.0,
                "path": "",
                "id": "",
                "sheetId": ""
            }
        }
    ]
}