{
    "stickersTran": [
        {
            "position": {
                "x": -0.5613833069801331,
                "y": 6.059548854827881,
                "z": 1.81497323513031
            },
            "scale": {
                "x": 1.0,
                "y": 1.0,
                "z": 1.0
            },
            "rotation": {
                "x": 0.0,
                "y": 0.0,
                "z": 0.0,
                "w": 1.0
            },
            "name": "sticker_tape_20170608061930687868",
            "stickerData": {
                "x": 0.0,
                "y": 0.0,
                "width": 0.0,
                "height": 0.0,
                "path": "",
                "id": "",
                "sheetId": "",
                "artist": ""
            }
        },
        {
            "position": {
                "x": -0.6523236036300659,
                "y": 5.944789886474609,
                "z": 1.9228086471557618
            },
            "scale": {
                "x": 1.0,
                "y": 1.0,
                "z": 1.0
            },
            "rotation": {
                "x": 0.0,
                "y": 0.0,
                "z": 0.0,
                "w": 1.0
            },
            "name": "sticker_tape_20170608061934272257",
            "stickerData": {
                "x": 0.0,
                "y": 0.0,
                "width": 0.0,
                "height": 0.0,
                "path": "",
                "id": "",
                "sheetId": "",
                "artist": ""
            }
        },
        {
            "position": {
                "x": -0.6809868812561035,
                "y": 6.050140380859375,
                "z": 1.874802827835083
            },
            "scale": {
                "x": 1.0,
                "y": 1.0,
                "z": 1.0
            },
            "rotation": {
                "x": 0.0,
                "y": 0.0,
                "z": 0.0,
                "w": 1.0
            },
            "name": "sticker_tape_20170608061936763988",
            "stickerData": {
                "x": 0.0,
                "y": 0.0,
                "width": 0.0,
                "height": 0.0,
                "path": "",
                "id": "",
                "sheetId": "",
                "artist": ""
            }
        },
        {
            "position": {
                "x": -0.6789973974227905,
                "y": 5.8592705726623539,
                "z": 1.903950572013855
            },
            "scale": {
                "x": 1.0,
                "y": 1.0,
                "z": 1.0
            },
            "rotation": {
                "x": 0.0,
                "y": 0.0,
                "z": 0.0,
                "w": 1.0
            },
            "name": "sticker_tape_20170608062032365594",
            "stickerData": {
                "x": 0.0,
                "y": 0.0,
                "width": 0.0,
                "height": 0.0,
                "path": "",
                "id": "",
                "sheetId": "",
                "artist": ""
            }
        },
        {
            "position": {
                "x": -0.7797488570213318,
                "y": 5.8780741691589359,
                "z": 1.8051657676696778
            },
            "scale": {
                "x": 1.0,
                "y": 1.0,
                "z": 1.0
            },
            "rotation": {
                "x": 0.0,
                "y": 0.0,
                "z": 0.0,
                "w": 1.0
            },
            "name": "sticker_tape_20170608062041760316",
            "stickerData": {
                "x": 0.0,
                "y": 0.0,
                "width": 0.0,
                "height": 0.0,
                "path": "",
                "id": "",
                "sheetId": "",
                "artist": ""
            }
        },
        {
            "position": {
                "x": -0.5322498679161072,
                "y": 5.935216426849365,
                "z": 1.9040230512619019
            },
            "scale": {
                "x": 1.0,
                "y": 1.0,
                "z": 1.0
            },
            "rotation": {
                "x": 0.0,
                "y": 0.0,
                "z": 0.0,
                "w": 1.0
            },
            "name": "sticker_tape_20170608062045692701",
            "stickerData": {
                "x": 0.0,
                "y": 0.0,
                "width": 0.0,
                "height": 0.0,
                "path": "",
                "id": "",
                "sheetId": "",
                "artist": ""
            }
        },
        {
            "position": {
                "x": -0.6574017405509949,
                "y": 5.964297771453857,
                "z": 1.4608588218688965
            },
            "scale": {
                "x": 1.0,
                "y": 1.0,
                "z": 1.0
            },
            "rotation": {
                "x": 0.0,
                "y": 0.0,
                "z": 0.0,
                "w": 1.0
            },
            "name": "sticker_tape_20170608062052550001",
            "stickerData": {
                "x": 0.0,
                "y": 0.0,
                "width": 0.0,
                "height": 0.0,
                "path": "",
                "id": "",
                "sheetId": "",
                "artist": ""
            }
        },
        {
            "position": {
                "x": -0.8606380820274353,
                "y": 5.980713844299316,
                "z": 1.8603544235229493
            },
            "scale": {
                "x": 1.0,
                "y": 1.0,
                "z": 1.0
            },
            "rotation": {
                "x": 0.0,
                "y": 0.0,
                "z": 0.0,
                "w": 1.0
            },
            "name": "sticker_tape_20170608062341761978",
            "stickerData": {
                "x": 0.0,
                "y": 0.0,
                "width": 0.0,
                "height": 0.0,
                "path": "",
                "id": "",
                "sheetId": "",
                "artist": ""
            }
        },
        {
            "position": {
                "x": -0.7498190999031067,
                "y": 5.910040378570557,
                "z": 1.8919974565505982
            },
            "scale": {
                "x": 1.0,
                "y": 1.0,
                "z": 1.0
            },
            "rotation": {
                "x": 0.0,
                "y": 0.0,
                "z": 0.0,
                "w": 1.0
            },
            "name": "sticker_tape_20170608062343568326",
            "stickerData": {
                "x": 0.0,
                "y": 0.0,
                "width": 0.0,
                "height": 0.0,
                "path": "",
                "id": "",
                "sheetId": "",
                "artist": ""
            }
        },
        {
            "position": {
                "x": -0.7810925841331482,
                "y": 5.904211521148682,
                "z": 1.9189300537109376
            },
            "scale": {
                "x": 1.0,
                "y": 1.0,
                "z": 1.0
            },
            "rotation": {
                "x": 0.0,
                "y": 0.0,
                "z": 0.0,
                "w": 1.0
            },
            "name": "sticker_tape_20170608062345357671",
            "stickerData": {
                "x": 0.0,
                "y": 0.0,
                "width": 0.0,
                "height": 0.0,
                "path": "",
                "id": "",
                "sheetId": "",
                "artist": ""
            }
        },
        {
            "position": {
                "x": -0.7450196743011475,
                "y": 5.89210319519043,
                "z": 1.9306640625
            },
            "scale": {
                "x": 1.0,
                "y": 1.0,