{
    "stickersTran": [
        {
            "position": {
                "x": 1.5519654750823975,
                "y": 0.2890799641609192,
                "z": 1.3156704902648926
            },
            "scale": {
                "x": 1.0,
                "y": 1.0,
                "z": 1.0
            },
            "rotation": {
                "x": 0.0,
                "y": 0.0,
                "z": 0.0,
                "w": 1.0
            },
            "name": "sticker_tape_20170607001853398584",
            "stickerData": {
                "x": 0.0,
                "y": 0.0,
                "width": 0.0,
                "height": 0.0,
                "path": "",
                "id": "",
                "sheetId": ""
            }
        },
        {
            "position": {
                "x": 1.369404911994934,
                "y": 0.17917953431606294,
                "z": 1.6136345863342286
            },
            "scale": {
                "x": 1.0,
                "y": 1.0,
                "z": 1.0
            },
            "rotation": {
                "x": 0.0,
                "y": 0.0,
                "z": 0.0,
                "w": 1.0
            },
            "name": "sticker_tape_20170607001938557243",
            "stickerData": {
                "x": 0.0,
                "y": 0.0,
                "width": 0.0,
                "height": 0.0,
                "path": "",
                "id": "",
                "sheetId": ""
            }
        }
    ]
}